rank,risk_category,ticker,composite_percentile,num_factors,percentile_ml_forecast,percentile_hit_rate,percentile_kalman_signal_strength,percentile_cvar
1,LOW,POU.AX,79.03969734660033,4,87.5,62.68656716417911,85.41666666666666,80.55555555555556
2,LOW,IHCB.AX,76.78275290215589,4,66.66666666666666,62.68656716417911,95.83333333333333,81.94444444444444
3,LOW,EEU.AX,73.831364013267,4,63.888888888888886,62.68656716417911,85.41666666666666,83.33333333333334
4,LOW,USHY.AX,67.40775290215589,4,37.5,62.68656716417911,80.55555555555556,88.88888888888889
5,LOW,ICOR.AX,67.40775290215589,4,94.44444444444444,62.68656716417911,72.22222222222221,40.27777777777778
6,LOW,IEAT.AX,66.88691956882255,4,77.77777777777777,12.686567164179106,85.41666666666666,91.66666666666667
7,LOW,GBND.AX,66.36608623548922,4,93.05555555555556,62.68656716417911,68.05555555555556,41.66666666666667
8,LOW,IGB.AX,66.018864013267,4,75.0,62.68656716417911,54.166666666666664,72.22222222222223
9,LOW,AGVT.AX,65.32441956882255,4,97.22222222222221,12.686567164179106,61.11111111111111,90.27777777777777
10,LOW,RGB.AX,63.93553067993366,4,73.61111111111111,62.68656716417911,75.0,44.44444444444444
11,LOW,VCF.AX,63.24108623548922,4,59.72222222222222,62.68656716417911,98.61111111111111,31.944444444444443
12,LOW,IAF.AX,63.24108623548922,4,72.22222222222221,62.68656716417911,63.888888888888886,54.16666666666667
13,LOW,RCB.AX,61.852197346600335,4,81.94444444444444,62.68656716417911,51.388888888888886,51.38888888888889
14,LOW,VAF.AX,61.15775290215589,4,76.38888888888889,62.68656716417911,58.33333333333333,47.22222222222222
15,LOW,XARO.AX,61.157752902155885,4,41.666666666666664,62.68656716417911,90.27777777777777,50.0
16,LOW,VACF.AX,60.81053067993366,4,98.61111111111111,62.68656716417911,52.77777777777778,29.16666666666667
17,LOW,VBND.AX,60.46330845771145,4,86.11111111111111,62.68656716417911,36.11111111111111,56.94444444444444
18,LOW,CRED.AX,60.46330845771144,4,100.0,62.68656716417911,41.666666666666664,37.5
19,LOW,30BB.AX,60.18518518518519,3,90.27777777777777,,69.44444444444444,20.833333333333343
20,LOW,RSM.AX,59.768864013267,4,68.05555555555556,62.68656716417911,59.72222222222222,48.611111111111114
21,LOW,USTB.AX,59.074419568822556,4,56.94444444444444,12.686567164179106,81.94444444444444,84.72222222222223
22,LOW,AEBD.AX,58.79629629629628,3,83.33333333333333,,50.0,43.05555555555556
23,LOW,GIVE.AX,58.03275290215588,4,2.7777777777777777,62.68656716417911,70.83333333333333,95.83333333333333
24,LOW,ILB.AX,56.99108623548922,4,55.55555555555556,62.68656716417911,43.05555555555556,66.66666666666667
25,LOW,VEFI.AX,55.94941956882255,4,52.77777777777778,12.686567164179106,88.88888888888889,69.44444444444444
26,LOW,VGB.AX,55.94941956882255,4,79.16666666666666,12.686567164179106,66.66666666666666,65.27777777777777
27,LOW,XGOV.AX,55.602197346600335,4,9.722222222222221,62.68656716417911,79.16666666666666,70.83333333333334
28,LOW,VDCO.AX,54.907752902155885,4,44.44444444444444,62.68656716417911,38.888888888888886,73.61111111111111
29,LOW,IHHY.AX,54.56053067993366,4,45.83333333333333,62.68656716417911,23.61111111111111,86.11111111111111
30,LOW,BNDS.AX,54.213308457711435,4,95.83333333333333,12.686567164179106,77.77777777777777,30.555555555555557
31,LOW,YMAX.AX,51.78275290215589,4,5.555555555555555,62.68656716417911,40.27777777777778,98.61111111111111
32,LOW,PLUS.AX,50.393864013267,4,54.166666666666664,62.68656716417911,22.22222222222222,62.5
33,LOW,SUBD.AX,50.22025290215589,4,34.72222222222222,62.68656716417911,85.41666666666666,18.055555555555557
34,LOW,VMIN.AX,50.04664179104478,4,29.166666666666664,62.68656716417911,13.88888888888889,94.44444444444444
35,LOW,GCAP.AX,49.69941956882255,4,40.27777777777778,62.68656716417911,20.833333333333332,75.0
36,LOW,28BB.AX,49.53703703703703,3,90.27777777777777,,33.33333333333333,25.0
37,LOW,GOVT.AX,48.48414179104478,4,65.27777777777777,12.686567164179106,47.916666666666664,68.05555555555556
38,LOW,1GOV.AX,47.96330845771144,4,26.38888888888889,62.68656716417911,76.38888888888889,26.388888888888886
39,LOW,GROW.AX,47.61608623548922,4,31.944444444444443,62.68656716417911,31.944444444444443,63.88888888888889
40,LOW,MVOL.AX,47.61608623548922,4,19.444444444444443,62.68656716417911,15.277777777777777,93.05555555555556
41,LOW,BOND.AX,46.574419568822556,4,70.83333333333333,12.686567164179106,44.44444444444444,58.333333333333336
42,LOW,VDBA.AX,46.227197346600335,4,25.0,62.68656716417911,37.5,59.72222222222222
43,LOW,BSUB.AX,45.87997512437811,4,36.11111111111111,62.68656716417911,73.61111111111111,11.111111111111114
44,LOW,5GOV.AX,45.532752902155885,4,8.333333333333332,62.68656716417911,65.27777777777777,45.833333333333336
45,LOW,FLOT.AX,44.83830845771144,4,47.22222222222222,62.68656716417911,55.55555555555556,13.888888888888886
46,LOW,EBND.AX,44.49108623548922,4,48.61111111111111,12.686567164179106,29.166666666666664,87.5
47,LOW,OZBD.AX,44.49108623548922,4,16.666666666666664,62.68656716417911,62.5,36.111111111111114
48,LOW,VIF.AX,42.754975124378106,4,84.72222222222221,12.686567164179106,12.5,61.111111111111114
49,LOW,IYLD.AX,42.06053067993366,4,80.55555555555556,62.68656716417911,5.555555555555555,19.444444444444443
50,LOW,AYLD.AX,41.018864013267,4,6.944444444444445,62.68656716417911,16.666666666666664,77.77777777777777
51,LOW,AESG.AX,40.67164179104478,4,69.44444444444444,12.686567164179106,27.77777777777778,52.77777777777778
52,LOW,MQDB.AX,38.93553067993366,4,38.888888888888886,62.68656716417911,26.38888888888889,27.777777777777786
53,LOW,DBBF.AX,36.15775290215589,4,18.055555555555554,12.686567164179106,34.72222222222222,79.16666666666667
54,LOW,DGGF.AX,35.81053067993366,4,15.277777777777777,12.686567164179106,18.055555555555554,97.22222222222223
55,LOW,HBRD.AX,35.11608623548922,4,50.0,62.68656716417911,5.555555555555555,22.22222222222223
56,LOW,QPON.AX,34.768864013267,4,58.33333333333333,62.68656716417911,5.555555555555555,12.5
57,LOW,UTIP.AX,33.032752902155885,4,12.5,12.686567164179106,30.555555555555554,76.38888888888889
58,LOW,FRAR.AX,32.68553067993367,4,23.61111111111111,62.68656716417911,5.555555555555555,38.88888888888889
59,LOW,DCOR.AX,31.48148148148148,3,22.22222222222222,,56.94444444444444,15.277777777777786
60,LOW,BHYB.AX,31.123030679933667,4,30.555555555555554,12.686567164179106,47.916666666666664,33.33333333333334
61,LOW,MQIO.AX,30.949419568822556,4,20.833333333333332,62.68656716417911,5.555555555555555,34.72222222222223
62,LOW,BANK.AX,29.560530679933667,4,27.77777777777778,62.68656716417911,11.11111111111111,16.66666666666667
63,LOW,HCRD.AX,26.435530679933667,4,13.88888888888889,62.68656716417911,5.555555555555555,23.611111111111114
64,LOW,IBAL.AX,23.657752902155888,4,1.3888888888888888,12.686567164179106,25.0,55.55555555555556
1,MEDIUM,GCQF.AX,88.88888888888887,3,96.82539682539682,,97.35449735449735,72.48677248677248
2,MEDIUM,XCO2.AX,86.3652793158607,4,94.70899470899471,64.24418604651163,90.74074074074073,95.76719576719577
3,MEDIUM,EINC.AX,80.3467607973422,4,87.30158730158729,64.24418604651163,96.29629629629629,73.54497354497354
4,MEDIUM,NDIA.AX,80.3467607973422,4,97.88359788359787,64.24418604651163,79.89417989417989,79.36507936507937
5,MEDIUM,BBFD.AX,79.71781305114638,3,84.65608465608466,,57.14285714285714,97.35449735449735
6,MEDIUM,IZZ.AX,78.7594592100406,4,71.95767195767195,64.24418604651163,86.77248677248677,92.06349206349206
7,MEDIUM,QYLD.AX,78.36263381321521,4,89.41798941798942,64.24418604651163,75.13227513227513,84.65608465608466
8,MEDIUM,BBUS.AX,78.09808354866495,4,99.47089947089947,64.24418604651163,49.735449735449734,98.94179894179894
9,MEDIUM,DRUG.AX,77.0398824904639,4,90.47619047619047,64.24418604651163,84.65608465608466,68.78306878306879
10,MEDIUM,ETPMPT.AX,76.51078196136336,4,91.53439153439153,64.24418604651163,57.67195767195767,92.5925925925926
11,MEDIUM,EMMG.AX,74.79120524178664,4,69.3121693121693,64.24418604651163,94.17989417989418,71.42857142857143
12,MEDIUM,LNYN.AX,74.07407407407408,3,84.65608465608466,,50.79365079365079,86.77248677248677
13,MEDIUM,GAME.AX,73.20390365448506,4,82.01058201058201,64.24418604651163,56.08465608465608,90.47619047619048
14,MEDIUM,IEM.AX,72.80707825765965,4,73.54497354497354,64.24418604651163,76.19047619047619,77.24867724867725
15,MEDIUM,IMPQ.AX,72.67480312538451,4,87.83068783068782,64.24418604651163,55.55555555555555,83.06878306878306
16,MEDIUM,INCM.AX,72.27797772855911,4,80.42328042328042,64.24418604651163,76.71957671957672,67.72486772486772
17,MEDIUM,UYLD.AX,69.76475021533162,4,74.07407407407408,64.24418604651163,84.12698412698413,56.613756613756614
18,MEDIUM,MAAT.AX,69.10337455395594,4,93.65079365079364,14.24418604651163,90.74074074074073,77.77777777777777
19,MEDIUM,WEMG.AX,68.97109942168082,4,72.48677248677248,64.24418604651163,74.6031746031746,64.55026455026456
20,MEDIUM,CETF.AX,68.83882428940568,4,59.788359788359784,64.24418604651163,58.201058201058196,93.12169312169313
21,MEDIUM,MQEG.AX,68.70654915713055,4,91.005291005291,64.24418604651163,37.56613756613756,82.01058201058201
22,MEDIUM,RCAP.AX,68.17744862803002,4,71.42857142857143,64.24418604651163,73.01587301587301,64.02116402116403
23,MEDIUM,HJHI.AX,66.39173434231574,4,51.32275132275132,64.24418604651163,98.67724867724867,51.32275132275132
24,MEDIUM,DJRE.AX,66.19332164390305,4,70.37037037037037,64.24418604651163,67.72486772486772,62.43386243386244
25,MEDIUM,JEGA.AX,65.96119929453262,3,95.76719576719576,,60.317460317460316,41.798941798941804
26,MEDIUM,GGAB.AX,65.66422111480252,4,21.693121693121693,64.24418604651163,96.82539682539682,79.8941798941799
27,MEDIUM,GGFD.AX,65.6642211148025,4,100.0,64.24418604651163,10.052910052910052,88.35978835978835
28,MEDIUM,INES.AX,65.53194598252738,4,62.43386243386243,64.24418604651163,79.36507936507937,56.08465608465609
29,MEDIUM,ETPMPD.AX,64.87057032115172,4,19.576719576719576,64.24418604651163,78.83597883597884,96.82539682539682
30,MEDIUM,CNEW.AX,64.60602005660147,4,22.22222222222222,64.24418604651163,80.95238095238095,91.00529100529101
31,MEDIUM,OOO.AX,63.878506829088224,4,93.12169312169311,14.24418604651163,50.26455026455026,97.88359788359789
32,MEDIUM,ETPMPM.AX,63.812369262950654,4,88.88888888888889,64.24418604651163,10.582010582010582,91.53439153439153
33,MEDIUM,IIND.AX,63.28326873385012,4,61.9047619047619,64.24418604651163,61.37566137566137,65.60846560846561
34,MEDIUM,HLTH.AX,62.621893072474464,4,53.439153439153436,64.24418604651163,95.23809523809523,37.56613756613757
35,MEDIUM,IJH.AX,61.894379844961236,4,75.13227513227513,14.24418604651163,72.48677248677248,85.71428571428572
36,MEDIUM,IFRA.AX,61.36527931586071,4,82.53968253968253,14.24418604651163,93.65079365079364,55.02645502645503
37,MEDIUM,ZYAU.AX,61.166866617448015,4,44.44444444444444,64.24418604651163,81.48148148148148,54.4973544973545
38,MEDIUM,DFGH.AX,61.03459148517288,4,76.19047619047619,64.24418604651163,44.97354497354497,58.730158730158735
39,MEDIUM,VGE.AX,60.637766088347476,4,64.02116402116401,64.24418604651163,71.95767195767195,42.32804232804233
40,MEDIUM,VSO.AX,60.373215823797224,4,58.73015873015873,64.24418604651163,49.2063492063492,69.31216931216932
41,MEDIUM,GGOV.AX,60.307078257659654,4,96.29629629629629,14.24418604651163,82.53968253968253,48.14814814814815
42,MEDIUM,JHGA.AX,60.14109347442681,3,84.65608465608466,,0.5291005291005291,95.23809523809524
43,MEDIUM,USIG.AX,59.96472663139329,3,92.59259259259258,,20.105820105820104,67.19576719576719
44,MEDIUM,VBLD.AX,59.71184016242155,4,77.24867724867724,64.24418604651163,62.43386243386243,34.920634920634924
45,MEDIUM,INIF.AX,58.91818936877077,4,52.38095238095238,64.24418604651163,52.38095238095238,66.66666666666667
46,MEDIUM,FIIN.AX,58.78591423649564,4,86.77248677248677,64.24418604651163,1.5873015873015872,82.53968253968254
47,MEDIUM,DRGN.AX,58.377425044091716,3,84.65608465608466,,2.6455026455026456,87.83068783068784
48,MEDIUM,DTEC.AX,58.377425044091716,3,2.1164021164021163,,85.71428571428571,87.3015873015873
49,MEDIUM,ALTB.AX,58.2568137073951,4,54.49735449735449,64.24418604651163,100.0,14.285714285714292
50,MEDIUM,GDX.AX,57.99226344284483,4,7.4074074074074066,64.24418604651163,64.02116402116401,96.29629629629629
51,MEDIUM,RGOS.AX,57.848324514991184,3,68.78306878306879,,30.687830687830687,74.07407407407408
52,MEDIUM,DGCE.AX,57.72771317829458,4,83.06878306878306,64.24418604651163,54.49735449735449,29.1005291005291
53,MEDIUM,QMIX.AX,57.59543804601945,4,65.60846560846561,64.24418604651163,59.788359788359784,40.74074074074075
54,MEDIUM,VISM.AX,56.93406238464378,4,30.687830687830687,64.24418604651163,69.3121693121693,63.492063492063494
55,MEDIUM,CLNE.AX,56.86792481850621,4,86.24338624338624,14.24418604651163,33.33333333333333,93.65079365079364
56,MEDIUM,SYI.AX,56.801787252368655,4,37.56613756613756,64.24418604651163,71.42857142857143,53.96825396825397
57,MEDIUM,ARMR.AX,56.79012345679013,3,2.6455026455026456,,83.5978835978836,84.12698412698413
58,MEDIUM,LPGD.AX,56.40496185554325,4,14.814814814814813,64.24418604651163,65.60846560846561,80.95238095238095
59,MEDIUM,WDIV.AX,56.40496185554325,4,78.3068783068783,64.24418604651163,61.9047619047619,21.164021164021165
60,MEDIUM,JGLO.AX,56.26102292768959,3,14.285714285714285,,68.25396825396825,86.24338624338624
61,MEDIUM,ESTX.AX,56.14041159099299,4,35.978835978835974,64.24418604651163,59.25925925925925,65.07936507936509
62,MEDIUM,MFOA.AX,56.00813645871786,4,78.83597883597884,64.24418604651163,70.37037037037037,10.582010582010582
63,MEDIUM,BEAR.AX,56.00813645871786,4,97.35449735449735,64.24418604651163,5.291005291005291,57.142857142857146
64,MEDIUM,MKAX.AX,55.74358619416759,4,12.698412698412698,64.24418604651163,64.55026455026454,81.48148148148148
65,MEDIUM,IEU.AX,55.54517349575489,4,75.66137566137566,14.24418604651163,51.85185185185185,80.42328042328043
66,MEDIUM,DFND.AX,55.379188712522044,3,3.1746031746031744,,73.54497354497354,89.41798941798942
67,MEDIUM,GOLD.AX,55.082210532791926,4,57.14285714285714,64.24418604651163,20.634920634920633,78.3068783068783
68,MEDIUM,ETPMAG.AX,55.01607296665436,4,89.94708994708994,14.24418604651163,21.164021164021165,94.70899470899471
69,MEDIUM,PAXX.AX,54.88379783437923,4,64.55026455026454,14.24418604651163,77.77777777777777,62.96296296296296
70,MEDIUM,WVOL.AX,54.02400947459087,4,62.96296296296296,64.24418604651163,75.66137566137566,13.227513227513228
71,MEDIUM,WDMF.AX,53.7594592100406,4,67.19576719576719,64.24418604651163,53.96825396825397,29.629629629629633
72,MEDIUM,IXI.AX,53.62718407776548,4,59.25925925925925,64.24418604651163,68.78306878306879,22.22222222222223
73,MEDIUM,GRIN.AX,53.61552028218696,3,84.65608465608466,,1.0582010582010581,75.13227513227514
74,MEDIUM,FEMX.AX,53.49490894549034,4,55.55555555555555,64.24418604651163,34.39153439153439,59.78835978835979
75,MEDIUM,ISLM.AX,53.36263381321521,4,17.989417989417987,64.24418604651163,60.84656084656084,70.37037037037038
76,MEDIUM,IIGF.AX,53.23035868094008,4,60.317460317460316,64.24418604651163,55.026455026455025,33.33333333333334
77,MEDIUM,AUDS.AX,53.16422111480251,4,95.23809523809523,14.24418604651163,8.994708994708994,94.17989417989418
78,MEDIUM,EAFZ.AX,52.965808416389805,4,4.232804232804233,64.24418604651163,87.83068783068782,55.55555555555556
79,MEDIUM,QAU.AX,52.89967085025225,4,76.71957671957672,14.24418604651163,48.67724867724868,71.95767195767196
80,MEDIUM,STW.AX,52.70125815183955,4,55.026455026455025,64.24418604651163,15.343915343915343,76.19047619047619
81,MEDIUM,IHD.AX,52.03988249046388,4,56.08465608465608,64.24418604651163,42.857142857142854,44.973544973544975
82,MEDIUM,JREG.AX,51.907607358188756,4,40.74074074074074,64.24418604651163,74.07407407407408,28.57142857142857
83,MEDIUM,SWTZ.AX,51.907607358188756,4,57.67195767195767,64.24418604651163,38.095238095238095,47.61904761904762
84,MEDIUM,RINC.AX,51.84146979205119,4,65.07936507936508,14.24418604651163,78.3068783068783,49.73544973544974
85,MEDIUM,BGBL.AX,51.378506829088224,4,88.35978835978835,64.24418604651163,37.03703703703704,15.873015873015873
86,MEDIUM,AASF.AX,50.98168143226283,4,38.095238095238095,64.24418604651163,43.386243386243386,58.2010582010582
87,MEDIUM,FASI.AX,50.79365079365079,3,7.936507936507936,,69.84126984126983,74.60317460317461
88,MEDIUM,VEQ.AX,50.4525809031623,4,61.37566137566137,64.24418604651163,40.21164021164021,35.97883597883599
89,MEDIUM,IJP.AX,50.38644333702473,4,60.84656084656084,14.24418604651163,47.61904761904761,78.83597883597884
90,MEDIUM,VAE.AX,50.32030577088716,4,51.85185185185185,64.24418604651163,51.32275132275132,33.86243386243386
91,MEDIUM,MQWS.AX,50.0557555063369,4,92.06349206349206,64.24418604651163,4.761904761904762,39.15343915343916
92,MEDIUM,JEPI.AX,49.6589301095115,4,23.809523809523807,64.24418604651163,93.12169312169311,17.46031746031747
93,MEDIUM,VLC.AX,49.52665497723637,4,18.51851851851852,64.24418604651163,63.49206349206349,51.851851851851855
94,MEDIUM,VHY.AX,48.997554448135844,4,26.984126984126984,64.24418604651163,66.66666666666666,38.0952380952381
95,MEDIUM,MTAV.AX,48.46845391903531,4,3.7037037037037033,14.24418604651163,90.74074074074073,85.18518518518519
96,MEDIUM,FAIR.AX,47.93935338993479,4,21.164021164021165,64.24418604651163,52.910052910052904,53.43915343915344
97,MEDIUM,RDV.AX,47.21184016242156,4,47.08994708994709,14.24418604651163,83.06878306878306,44.44444444444445
98,MEDIUM,ESGI.AX,46.88115233173373,4,25.396825396825395,64.24418604651163,65.07936507936508,32.80423280423281
99,MEDIUM,US10.AX,46.41818936877077,4,58.201058201058196,14.24418604651163,94.70899470899471,18.51851851851852
100,MEDIUM,DVDY.AX,46.153639104220495,4,66.66666666666666,14.24418604651163,82.01058201058201,21.693121693121697
101,MEDIUM,VEU.AX,46.08750153808293,4,49.2063492063492,64.24418604651163,44.44444444444444,26.455026455026456
102,MEDIUM,HHIF.AX,46.02136397194537,4,32.804232804232804,14.24418604651163,67.19576719576719,69.84126984126985
103,MEDIUM,AUMF.AX,45.82295127353267,4,39.15343915343915,64.24418604651163,6.878306878306878,73.01587301587301
104,MEDIUM,PMGOLD.AX,45.426125876707275,4,28.04232804232804,64.24418604651163,13.756613756613756,75.66137566137566
105,MEDIUM,OZXX.AX,45.02930047988187,4,10.582010582010582,64.24418604651163,80.42328042328042,24.867724867724874
106,MEDIUM,IVE.AX,44.69861264919405,4,68.25396825396825,14.24418604651163,43.91534391534391,52.38095238095239
107,MEDIUM,IHEB.AX,44.36792481850621,4,79.36507936507937,64.24418604651163,15.873015873015872,17.989417989417987
108,MEDIUM,EMKT.AX,44.169512120093515,4,41.7989417989418,14.24418604651163,77.24867724867724,43.386243386243386
109,MEDIUM,WRLD.AX,43.97109942168082,4,56.613756613756614,64.24418604651163,39.682539682539684,15.343915343915342
110,MEDIUM,A200.AX,43.97109942168082,4,39.682539682539684,64.24418604651163,19.047619047619047,52.91005291005291
111,MEDIUM,MHG.AX,43.44199889258029,4,30.158730158730158,64.24418604651163,17.46031746031746,61.904761904761905
112,MEDIUM,ZYUS.AX,43.44199889258029,4,32.27513227513227,64.24418604651163,31.746031746031743,45.50264550264551
113,MEDIUM,RARI.AX,43.17744862803003,4,52.910052910052904,64.24418604651163,6.349206349206349,49.20634920634921
114,MEDIUM,YANK.AX,43.17744862803002,4,11.11111111111111,64.24418604651163,8.465608465608465,88.88888888888889
115,MEDIUM,AGX1.AX,42.648348098929496,4,28.57142857142857,64.24418604651163,29.100529100529098,48.67724867724868
116,MEDIUM,MICH.AX,42.64834809892949,4,44.97354497354497,64.24418604651163,46.56084656084656,14.814814814814824
117,MEDIUM,WXOZ.AX,42.64834809892949,4,46.03174603174603,64.24418604651163,28.57142857142857,31.746031746031747
118,MEDIUM,IXJ.AX,42.0531100036914,4,25.925925925925924,14.24418604651163,85.18518518518518,42.85714285714286
119,MEDIUM,IAA.AX,41.2594592100406,4,34.92063492063492,14.24418604651163,39.15343915343915,76.71957671957672
120,MEDIUM,EMXC.AX,41.19332164390304,4,6.349206349206349,64.24418604651163,47.08994708994709,47.089947089947096
121,MEDIUM,ILC.AX,41.12718407776548,4,29.100529100529098,14.24418604651163,70.8994708994709,50.264550264550266
122,MEDIUM,VESG.AX,41.06104651162791,4,23.28042328042328,64.24418604651163,42.32804232804233,34.39153439153439
123,MEDIUM,UMAX.AX,41.06104651162791,4,48.148148148148145,64.24418604651163,23.809523809523807,28.04232804232805
124,MEDIUM,H100.AX,40.66422111480251,4,13.227513227513226,64.24418604651163,38.62433862433862,46.560846560846564
125,MEDIUM,VDGR.AX,40.531945982527375,4,45.5026455026455,64.24418604651163,41.269841269841265,11.111111111111114
126,MEDIUM,PIXX.AX,39.341469792051186,4,66.13756613756614,14.24418604651163,45.767195767195766,31.216931216931215
127,MEDIUM,VNGS.AX,38.48168143226283,4,42.857142857142854,14.24418604651163,56.613756613756614,40.211640211640216
128,MEDIUM,DACE.AX,37.88644333702473,4,36.507936507936506,64.24418604651163,14.285714285714285,36.50793650793651
129,MEDIUM,DHHF.AX,37.754168204749604,4,31.746031746031743,64.24418604651163,24.33862433862434,30.687830687830697
130,MEDIUM,QLTY.AX,37.62189307247447,4,16.93121693121693,64.24418604651163,25.396825396825395,43.91534391534392
131,MEDIUM,GHLD.AX,37.56613756613756,3,1.0582010582010581,,21.693121693121693,89.94708994708995
132,MEDIUM,GLDN.AX,37.48961794019934,4,5.82010582010582,64.24418604651163,19.576719576719576,60.317460317460316
133,MEDIUM,QUAL.AX,37.42348037406177,4,35.44973544973545,14.24418604651163,62.96296296296296,37.03703703703704
134,MEDIUM,MGOC.AX,37.22506767564907,4,22.75132275132275,64.24418604651163,29.629629629629626,32.27513227513228
135,MEDIUM,GXLD.AX,37.22506767564907,4,6.878306878306878,64.24418604651163,9.523809523809524,68.25396825396825
136,MEDIUM,S3GO.AX,36.960517411098806,4,9.523809523809524,64.24418604651163,14.814814814814813,59.25925925925926
137,MEDIUM,GLIN.AX,36.82824227882367,4,26.455026455026452,64.24418604651163,35.978835978835974,20.634920634920633
138,MEDIUM,IESG.AX,36.82824227882367,4,24.867724867724867,64.24418604651163,31.216931216931215,26.984126984126988
139,MEDIUM,SNAS.AX,36.76210471268611,4,1.0582010582010581,14.24418604651163,32.27513227513227,99.47089947089947
140,MEDIUM,AUST.AX,36.69596714654855,4,53.96825396825397,64.24418604651163,16.402116402116402,12.169312169312178
141,MEDIUM,ITEK.AX,36.36527931586071,4,34.39153439153439,14.24418604651163,13.227513227513226,83.5978835978836
142,MEDIUM,XALG.AX,36.29914174972315,4,12.16931216931217,64.24418604651163,2.6455026455026456,66.13756613756614
143,MEDIUM,VDHG.AX,36.29914174972315,4,38.62433862433862,64.24418604651163,23.28042328042328,19.04761904761905
144,MEDIUM,MAET.AX,36.100729051310445,4,41.269841269841265,14.24418604651163,28.04232804232804,60.84656084656085
145,MEDIUM,GOAT.AX,35.770041220622616,4,50.79365079365079,64.24418604651163,4.232804232804233,23.80952380952381
146,MEDIUM,VETH.AX,35.770041220622616,4,50.26455026455026,64.24418604651163,5.82010582010582,22.75132275132276
147,MEDIUM,HVST.AX,35.43935338993479,4,80.95238095238095,14.24418604651163,33.86243386243386,12.69841269841271
148,MEDIUM,NUGG.AX,34.84411529469669,4,5.291005291005291,64.24418604651163,12.16931216931217,57.67195767195767
149,MEDIUM,BAOR.AX,34.31501476559616,4,8.994708994708994,64.24418604651163,40.74074074074074,23.28042328042328
150,MEDIUM,VLUE.AX,34.31501476559616,4,33.33333333333333,64.24418604651163,22.75132275132275,16.931216931216937
151,MEDIUM,USD.AX,33.91818936877077,4,49.735449735449734,64.24418604651163,7.936507936507936,13.75661375661376
152,MEDIUM,QOZ.AX,33.32295127353267,4,48.67724867724868,14.24418604651163,34.92063492063492,35.449735449735456
153,MEDIUM,MQAE.AX,33.25681370739511,4,27.513227513227513,64.24418604651163,16.93121693121693,24.338624338624342
154,MEDIUM,BBOZ.AX,33.05840100898241,4,1.0582010582010581,14.24418604651163,18.51851851851852,98.41269841269842
155,MEDIUM,CGHE.AX,32.39702534760674,4,69.84126984126983,14.24418604651163,35.44973544973545,10.052910052910065
156,MEDIUM,WCMQ.AX,31.73564968623108,4,15.343915343915343,14.24418604651163,26.455026455026452,70.8994708994709
157,MEDIUM,CFLO.AX,31.537236987818385,4,24.33862433862434,64.24418604651163,17.989417989417987,19.576719576719583
158,MEDIUM,TBIL.AX,31.338824289405686,4,74.6031746031746,14.24418604651163,24.867724867724867,11.640211640211646
159,MEDIUM,ADEF.AX,31.206549157130553,4,63.49206349206349,14.24418604651163,7.4074074074074066,39.682539682539684
160,MEDIUM,FCAP.AX,30.94199889258029,4,37.03703703703704,14.24418604651163,11.11111111111111,61.37566137566138
161,MEDIUM,GLOB.AX,30.875861326442724,4,15.873015873015872,64.24418604651163,26.984126984126984,16.402116402116405
162,MEDIUM,DGVA.AX,29.453262786596117,3,10.052910052910052,,48.148148148148145,30.158730158730165
163,MEDIUM,VGS.AX,29.222422173003565,4,40.21164021164021,14.24418604651163,36.507936507936506,25.925925925925924
164,MEDIUM,F100.AX,27.767395717977116,4,43.386243386243386,14.24418604651163,2.6455026455026456,50.7936507936508
165,MEDIUM,IOZ.AX,27.635120585701983,4,42.32804232804233,14.24418604651163,12.698412698412698,41.26984126984127
166,MEDIUM,VAS.AX,26.97374492432632,4,43.91534391534391,14.24418604651163,3.7037037037037033,46.03174603174603
167,MEDIUM,E200.AX,24.460517411098806,4,33.86243386243386,14.24418604651163,22.22222222222222,27.51322751322752
168,MEDIUM,ETHI.AX,23.00549095607235,4,11.64021164021164,14.24418604651163,27.513227513227513,38.62433862433863
169,MEDIUM,IISV.AX,22.145702596283993,4,8.465608465608465,14.24418604651163,45.767195767195766,20.105820105820115
170,MEDIUM,BCOM.AX,20.227713178294575,4,29.629629629629626,14.24418604651163,11.64021164021164,25.396825396825406
1,HIGH,TANN.AX,89.39319044606137,4,100.0,68.34862385321101,97.84482758620689,91.37931034482759
2,HIGH,FHCO.AX,87.93103448275862,3,92.24137931034483,,100.0,71.55172413793103
3,HIGH,CLDD.AX,80.44922492882,4,88.79310344827586,68.34862385321101,82.75862068965517,81.89655172413794
4,HIGH,HGEN.AX,79.80267320468207,4,69.82758620689654,68.34862385321101,87.93103448275862,93.10344827586206
5,HIGH,PAVE.AX,76.13888010123378,4,65.51724137931033,68.34862385321101,94.82758620689654,75.86206896551724
6,HIGH,IKO.AX,75.06129389433724,4,75.86206896551724,68.34862385321101,75.0,81.0344827586207
7,HIGH,ESPO.AX,74.4147421701993,4,83.62068965517241,68.34862385321101,81.89655172413792,63.793103448275865
8,HIGH,CURE.AX,70.3199145839924,4,25.0,68.34862385321101,99.13793103448275,88.79310344827586
9,HIGH,ERTH.AX,70.1043973426131,4,97.41379310344827,68.34862385321101,48.275862068965516,66.37931034482759
10,HIGH,RBTZ.AX,67.94922492881999,4,81.03448275862068,68.34862385321101,53.44827586206896,68.96551724137932
11,HIGH,MNRS.AX,66.65612148054413,4,34.48275862068965,68.34862385321101,74.13793103448275,89.65517241379311
12,HIGH,JPEQ.AX,66.44060423916481,4,99.13793103448275,68.34862385321101,63.79310344827586,34.482758620689665
13,HIGH,XMET.AX,66.0095697564062,4,85.34482758620689,18.34862385321101,73.27586206896551,87.06896551724138
14,HIGH,JRHG.AX,64.50094906675103,4,91.37931034482759,68.34862385321101,37.93103448275862,60.3448275862069
15,HIGH,DRIV.AX,63.8543973426131,4,79.3103448275862,68.34862385321101,30.172413793103445,77.58620689655173
16,HIGH,IJR.AX,63.42336285985447,4,68.9655172413793,18.34862385321101,93.9655172413793,72.41379310344828
17,HIGH,MVS.AX,63.20784561847517,4,80.17241379310344,68.34862385321101,80.17241379310344,24.13793103448276
18,HIGH,BUGG.AX,63.20784561847516,4,22.413793103448274,68.34862385321101,96.55172413793103,65.51724137931035
19,HIGH,VBTC.AX,63.10008699778551,4,1.293103448275862,68.34862385321101,86.20689655172413,96.55172413793103
20,HIGH,LEND.AX,62.561293894337226,4,78.44827586206895,68.34862385321101,90.51724137931033,12.93103448275862
21,HIGH,MVB.AX,61.699224928819994,4,35.3448275862069,68.34862385321101,91.37931034482759,51.724137931034484
22,HIGH,QHSM.AX,61.483707687440685,4,93.9655172413793,18.34862385321101,81.03448275862068,52.58620689655173
23,HIGH,MVA.AX,61.483707687440685,4,43.96551724137931,68.34862385321101,66.37931034482759,67.24137931034483
24,HIGH,REIT.AX,61.052673204682065,4,96.55172413793103,68.34862385321101,14.655172413793103,64.65517241379311
25,HIGH,GPEQ.AX,60.83715596330275,4,19.82758620689655,68.34862385321101,85.34482758620689,69.82758620689656
26,HIGH,FOOD.AX,60.62163872192344,4,89.6551724137931,68.34862385321101,44.82758620689655,39.65517241379311
27,HIGH,SFY.AX,59.97508699778551,4,68.10344827586206,68.34862385321101,55.172413793103445,48.27586206896552
28,HIGH,ASIA.AX,59.544052515026884,4,76.72413793103448,68.34862385321101,18.103448275862068,75.0
29,HIGH,SLF.AX,59.328535273647574,4,74.13793103448275,18.34862385321101,62.068965517241374,82.75862068965517
30,HIGH,ISO.AX,59.328535273647574,4,86.20689655172413,68.34862385321101,56.89655172413793,25.862068965517253
31,HIGH,QHAL.AX,58.250949066751026,4,38.79310344827586,68.34862385321101,69.82758620689654,56.03448275862069
32,HIGH,HYGG.AX,58.25094906675102,4,81.89655172413792,18.34862385321101,52.58620689655172,80.17241379310344
33,HIGH,SMLL.AX,58.03543182537172,4,67.24137931034483,68.34862385321101,65.51724137931033,31.034482758620697
34,HIGH,HACK.AX,57.81991458399241,4,27.586206896551722,68.34862385321101,72.41379310344827,62.931034482758626
35,HIGH,VVLU.AX,57.38888010123379,4,77.58620689655172,18.34862385321101,84.48275862068965,49.13793103448276
36,HIGH,MCCL.AX,57.17336285985447,4,26.72413793103448,68.34862385321101,76.72413793103448,56.896551724137936
37,HIGH,HNDQ.AX,56.52681113571655,4,44.82758620689655,68.34862385321101,38.79310344827586,74.13793103448276
38,HIGH,MOAT.AX,56.31129389433724,4,49.137931034482754,68.34862385321101,95.6896551724138,12.06896551724138
39,HIGH,FUEL.AX,55.880259411578606,4,98.27586206896551,18.34862385321101,20.689655172413794,86.20689655172414
40,HIGH,TECH.AX,55.23370768744068,4,23.275862068965516,68.34862385321101,70.6896551724138,58.62068965517241
41,HIGH,MVE.AX,54.802673204682065,4,62.068965517241374,18.34862385321101,92.24137931034483,46.55172413793104
42,HIGH,GHHF.AX,54.80267320468206,4,95.6896551724138,68.34862385321101,21.551724137931032,33.62068965517241
43,HIGH,GMTL.AX,54.371638721923446,4,87.93103448275862,18.34862385321101,31.89655172413793,79.3103448275862
44,HIGH,GMVW.AX,54.15612148054413,4,24.137931034482758,68.34862385321101,45.689655172413794,78.44827586206897
45,HIGH,VAP.AX,54.15612148054413,4,70.6896551724138,68.34862385321101,36.206896551724135,41.37931034482759
46,HIGH,MHOT.AX,54.15612148054413,4,72.41379310344827,18.34862385321101,88.79310344827586,37.06896551724138
47,HIGH,EIGA.AX,53.5095697564062,4,63.79310344827586,68.34862385321101,68.10344827586206,13.793103448275872
48,HIGH,AINF.AX,53.160919540229884,3,90.51724137931033,,39.6551724137931,29.310344827586206
49,HIGH,HETH.AX,52.216466308130336,4,84.48275862068965,68.34862385321101,32.75862068965517,23.275862068965523
50,HIGH,EX20.AX,52.216466308130336,4,71.55172413793103,68.34862385321101,50.86206896551724,18.10344827586208
51,HIGH,LNAS.AX,52.216466308130336,4,12.93103448275862,68.34862385321101,29.310344827586206,98.27586206896552
52,HIGH,BNKS.AX,51.3543973426131,4,51.72413793103448,68.34862385321101,23.275862068965516,62.06896551724138
53,HIGH,SPY.AX,51.138880101233795,4,54.310344827586206,68.34862385321101,71.55172413793103,10.344827586206904
54,HIGH,QFN.AX,50.92336285985447,4,32.75862068965517,18.34862385321101,93.10344827586206,59.48275862068966
55,HIGH,BTXX.AX,50.70784561847516,4,3.4482758620689653,18.34862385321101,83.62068965517241,97.41379310344827
56,HIGH,NDQ.AX,49.414742170199304,4,25.86206896551724,68.34862385321101,58.62068965517241,44.827586206896555
57,HIGH,IHWL.AX,48.98370768744068,4,57.75862068965517,68.34862385321101,27.586206896551722,42.24137931034483
58,HIGH,FHNG.AX,48.875949066751026,4,1.293103448275862,68.34862385321101,33.62068965517241,92.24137931034483
59,HIGH,ATEC.AX,48.33715596330275,4,36.206896551724135,18.34862385321101,54.310344827586206,84.48275862068965
60,HIGH,WIRE.AX,48.12163872192344,4,6.0344827586206895,68.34862385321101,34.48275862068965,83.62068965517241
61,HIGH,QMAX.AX,47.69060423916483,4,66.37931034482759,68.34862385321101,31.034482758620687,25.0
62,HIGH,HEUR.AX,47.69060423916482,4,75.0,18.34862385321101,50.0,47.41379310344828
63,HIGH,QRE.AX,47.47508699778551,4,82.75862068965517,18.34862385321101,12.068965517241379,76.72413793103448
64,HIGH,OZR.AX,46.72077665295792,4,94.82758620689654,18.34862385321101,3.0172413793103448,70.6896551724138
65,HIGH,URNM.AX,46.61301803226827,4,14.655172413793103,68.34862385321101,8.620689655172413,94.82758620689656
66,HIGH,GXAI.AX,46.397500790888955,4,33.62068965517241,68.34862385321101,15.517241379310343,68.10344827586206
67,HIGH,IVV.AX,46.18198354950965,4,46.55172413793103,18.34862385321101,75.86206896551724,43.96551724137932
68,HIGH,QNDQ.AX,45.53543182537172,4,18.103448275862068,68.34862385321101,67.24137931034483,28.448275862068968
69,HIGH,MVR.AX,45.53543182537172,4,87.06896551724138,18.34862385321101,22.413793103448274,54.310344827586206
70,HIGH,GGUS.AX,45.53543182537172,4,16.379310344827584,18.34862385321101,51.72413793103448,95.6896551724138
71,HIGH,HJPN.AX,45.427673204682065,4,52.58620689655172,68.34862385321101,3.0172413793103448,57.758620689655174
72,HIGH,GARP.AX,45.40229885057471,3,43.103448275862064,,77.58620689655172,15.517241379310349
73,HIGH,HQLT.AX,45.31991458399241,4,48.275862068965516,68.34862385321101,26.72413793103448,37.931034482758626
74,HIGH,CRYP.AX,45.31991458399241,4,4.310344827586206,18.34862385321101,59.48275862068965,99.13793103448276
75,HIGH,MOGL.AX,44.56560423916483,4,45.689655172413794,68.34862385321101,3.0172413793103448,61.20689655172414
76,HIGH,QUS.AX,44.45784561847516,4,61.206896551724135,18.34862385321101,87.06896551724138,11.206896551724142
77,HIGH,IHVV.AX,44.45784561847516,4,60.34482758620689,18.34862385321101,49.137931034482754,50.0
78,HIGH,ATOM.AX,44.02681113571654,4,8.620689655172413,68.34862385321101,5.172413793103448,93.96551724137932
79,HIGH,IHOO.AX,43.81129389433724,4,62.93103448275862,18.34862385321101,57.75862068965517,36.20689655172414
80,HIGH,ROBO.AX,43.38025941157861,4,53.44827586206896,18.34862385321101,56.03448275862068,45.689655172413794
81,HIGH,DGSM.AX,42.81609195402299,3,18.96551724137931,,89.6551724137931,19.827586206896555
82,HIGH,ALFA.AX,42.52873563218391,3,12.068965517241379,,42.241379310344826,73.27586206896552
83,HIGH,MSTR.AX,41.65612148054413,4,55.172413793103445,68.34862385321101,11.206896551724137,31.896551724137936
84,HIGH,WXHG.AX,41.65612148054413,4,59.48275862068965,68.34862385321101,16.379310344827584,22.413793103448285
85,HIGH,G200.AX,41.65612148054413,4,40.51724137931034,68.34862385321101,17.241379310344826,40.51724137931035
86,HIGH,ACDC.AX,41.44060423916482,4,39.6551724137931,68.34862385321101,6.896551724137931,50.862068965517246
87,HIGH,GEAR.AX,40.79405251502689,4,28.448275862068964,18.34862385321101,25.86206896551724,90.51724137931035
88,HIGH,VGAD.AX,40.578535273647574,4,73.27586206896551,18.34862385321101,43.96551724137931,26.72413793103449
89,HIGH,FANG.AX,40.363018032268265,4,11.206896551724137,18.34862385321101,46.55172413793103,85.34482758620689
90,HIGH,OZF.AX,39.716466308130336,4,41.37931034482759,68.34862385321101,6.0344827586206895,43.10344827586207
91,HIGH,LSGE.AX,39.393190446061375,4,31.034482758620687,68.34862385321101,3.0172413793103448,55.17241379310345
92,HIGH,MVW.AX,38.42336285985447,4,56.03448275862068,18.34862385321101,64.6551724137931,14.65517241379311
93,HIGH,IOO.AX,37.13025941157861,4,50.0,18.34862385321101,62.93103448275862,17.241379310344826
94,HIGH,FSML.AX,36.7816091954023,3,2.586206896551724,,68.9655172413793,38.793103448275865
95,HIGH,QSML.AX,36.26819044606137,4,58.62068965517241,18.34862385321101,47.41379310344827,20.689655172413794
96,HIGH,HVLU.AX,35.83715596330275,4,20.689655172413794,68.34862385321101,18.96551724137931,35.344827586206904
97,HIGH,NNUK.AX,35.19060423916482,4,31.89655172413793,68.34862385321101,24.137931034482758,16.379310344827587
98,HIGH,N100.AX,35.19060423916482,4,5.172413793103448,68.34862385321101,13.793103448275861,53.44827586206897
99,HIGH,SEMI.AX,34.7595697564062,4,7.758620689655172,18.34862385321101,25.0,87.93103448275862
100,HIGH,GRNV.AX,33.466466308130336,4,56.89655172413793,18.34862385321101,37.068965517241374,21.551724137931046
101,HIGH,MTUM.AX,29.802673204682065,4,10.344827586206897,68.34862385321101,12.93103448275862,27.58620689655173
102,HIGH,ROYL.AX,19.45784561847517,4,30.172413793103445,18.34862385321101,10.344827586206897,18.965517241379317
103,HIGH,JNDQ.AX,18.811293894337236,4,6.896551724137931,18.34862385321101,19.82758620689655,30.17241379310346
104,HIGH,GLPR.AX,17.302673204682062,4,17.241379310344826,18.34862385321101,0.8620689655172413,32.758620689655174
